질병 대 분류|질병명|권장식품|주의식품|그 외 주의사항|~류|없는거
내분비/대사질환|갑상선기능저하증|"곡류 및 전분류 (쌀밥, 전곡, 잡곡류밥, 국수, 떡, 식빵, 씨리얼, 감자, 고구마, 밤) 채소 및 과일류 (채소, 김치류 미역, 다시마, 버섯, 토마토, 딸기, 주스) 고기, 생선, 달걀 및 콩류 (쇠고기, 돼지고기, 닭고기, 생선, 달걀, 두부, 콩) 우유 및 유제품 (우유, 요쿠르트, 치즈, 아이스크림)"|해조류, 어패류|요오드가 부족하거나 지나치게 많이 섭취하는 것은 갑상선 기능에 좋지 않은 영향을 줍니다.|해조류,어패류|
내분비/대사질환|갑상선기능항진증|"곡류 및 전분류 (쌀밥, 전곡, 잡곡류밥, 국수, 떡, 식빵, 씨리얼, 감자, 고구마, 밤) 채소 및 과일류 (채소, 김치류 미역, 다시마, 버섯, 토마토, 딸기, 주스 ) 고기, 생선, 달걀 및 콩류 (쇠고기, 돼지고기, 닭고기, 생선, 달걀, 두부, 콩) 우유 및 유제품 (우유, 요쿠르트, 치즈, 아이스크림)"|카페인 음료, 술,알코올|||
내분비/대사질환|갑상선암|잡곡류, 콩, 생선류, 브로콜리, 파프리카, 버섯, 토마토, 키위, 견과류|천일염, 어패류,어류,조개,굴,멸치, 해조류, 달걀, 김치류,다시다, 장류, 우유 및 유제품, 치즈, 아이스크림, 마요네즈, 아몬드||어패류,장류,김치류|
내분비/대사질환|고마그네슘혈증|백미, 고기, 생선|코코아, 아몬드, 땅콩, 호두, 잣, 대두, 보리, 현미, 통밀, 우유, 달걀, 시금치, 무청, 근대, 컬리플라워, 브로컬리, 부추 당근|||
혈액/순환계통|고지혈증(이상지질혈증, 고콜레스테롤혈증)|신선한 채소, 잡곡류, 저지방 어육류, 생선, 두부,제철 과일, 우유|국 및 탕류, 튀김류, 전 및 부침류,김치류, 젓갈류, 장아찌 및 절임류,가공식품,자반 생선류 ,내장류, 새우, 오징어, 계란노른자,고지방 어육류,찌개 및 전골류,건어물|국 및 탕류, 튀김류, 전 및 부침류,김치류, 젓갈류, 장아찌 및 절임류,가공식품,찌개 및 전골류,염장식품,내장류,자반생선류|건어물,고지방 어육류
내분비/대사질환|고칼륨혈증(저칼륨식)|"도정된 곡류(흰쌀 등),삶아 익힌 채소(숙주,고사리,가지,부추,당근,돗나물,배추,콩나물,가지 등),과일(사과,복숭아,감,배,딸기,포도,귤,거봉"|잡곡류밥,보리밥,현미,검정쌀,수수,고구마,감자,밤,미나리,단호박,늙은호박,시금치,아욱,부추,녹즙,키위,토마토,바나나,참외,말린과일,메론,과일즙|저염소금,저염간장에 칼륨많이 함유||
내분비/대사질환|고칼슘혈증|" 흰밥, 국수, 식빵, 감자 쇠고기, 돼지고기, 닭고기, 계란, 전복, 홍합 호박,무우, 배추, 콩나물, 숙주, 양파등 모든과일 (건무화과 제외) 샤베트, 두유 식용유, 잣"|녹두, 율무, 팥,잔멸피, 뱅어포, 양미리, 미꾸라지, 고등어 통조림, 대두, 유부, 대합조개,두부류,고춧잎, 무청, 돌나물, 미역, 무우말랭이, 고사리, 상추, 근대, 미나리, 우거지, 토란대,건무화과,우유 및 유제품,아몬드, 참깨, 호두, 흑설탕, 로얄젤리, 물엿||두부류,우유 및 유제품|
혈액/순환계통|고혈압|"신선한 채소, 잡곡류, 어육류, 생선, 두부, 견과류, 제철 과일, 우유"|김치류, 젓갈류, 장아찌 및 절임류, 건어물,자반 생선류,가공식품,통조림, 라면,국 및 탕류||김치류, 젓갈류, 장아찌 및 절임류 ,가공식품,국 및 탕류,염장식품|건어물
내분비/대사질환|골다공증|" - 우유 및 유제품 (발효유, 치이즈, 아이스크림) - 두류 (콩, 두부 등) 및 해조류(미역, 다시마, 김) - 뼈째먹는 생선 (멸치, 뱅어포 등) , 생선류 (동태, 홍어, 참치, 참게, 대하 등) 및 통조림 (꽁치, 정어리) - 칼슘 강화 식품 (고칼슘우유, 칼슘강화 오렌지 주스나 씨리얼) - 비타민 D 함유식품 (난황, 버터, 기름이 많은 생선, 생선유, 버섯)"|카페인음료, 탄산음료,술,알코올,곰국, 설렁탕||탄산음료|카페인음료(커피, 홍차등),
내분비/대사질환|구루병|"우유, 요구르트, 치즈, 두부, 새우, 정어리, 연어, 녹색콩류, 시금치, 브로콜리, 콩, 두부, 멸치, 다시마, 미역, 표고버섯, 등푸른 생선"|카페인,커피, 콜라, 초콜릿, 술,알코올|유당 불내증이 있거나, 유제품을 전혀 안먹거나, 완전 채식만 하는 사람들은 반드시 영양관리가 필요합니다.||카페인
소화계통|구토|토스트, 시리얼, 샌드위치, 냉 과일 샐러드, 찬 고기요리, 크래커|강한 향미 채소류, 커피, 진한 양념 음식, 고지방식|||진한 양념 음식, 고지방식,강한 향미 채소류
신장/비뇨기질환|급성 신부전|"1. 고기, 생선, 두부, 계란 등 단백질이 많은 식품은 한 끼니당 1토막(40~60g)정도만 섭취합니다. 2. 올리브유, 들기름, 카놀라유 등의 기름과 설탕, 올리고당 3. 소금, 간장, 된장 등 사용량을 줄이고 고추가루, 후추가루, 겨자가루, 식초 등의 향신료를 사용"|염장식품,장아찌 및 절임류, 젓갈, 김치류, 라면, 건어물, 찌개 및 전골류, 콩가루||염장식품,장아찌 및 절임류, 젓갈, 김치류,찌개 및 전골류|
소화계통|급성 췌장염|"기름기 적은 살코기(돼지고기, 소고기), 닭고기(껍질 제거), 생선, 두부, 각종 야채 등"|도넛, 볶음밥, 라면, 케잌, 페스츄리, 갈비, 삼겹살, 기름이 많은 등심, 안심, 생선통조림, 장어, 튀김류, 전 및 부침류||튀김류, 전 및 부침류|
혈액/순환계통|급성골수성백혈병|잘 익힌 생선이나 살코기, 잘 씻은 채소, 껍질 벗긴 과일|회류,생선회, 육회, 생선초밥||회류|
혈액/순환계통|급성림프모구백혈병|잘 익힌 생선이나 살코기, 잘 씻은 채소, 껍질은 벗긴 과일|생선회, 육회, 생선초밥|||
혈액/순환계통|다발 골수종|잡곡류, 견과류, 두류, 다양한 색의 채소 및 과일류|술,알코올,가공식품||가공식품|
소화계통|단장 증후군|"연한 쇠고기, 돼지고기, 계란, 두부, 닭고기(껍질제외), 생선(껍질제외), 부드러운 야채, 사과, 복숭아, 수박, 과일 통조림, 무지방우유, 푸딩, 영양보충음료"|잡곡류, 질긴 육류, 햄류, 어패류, 콩비지, 도라지, 고사리,감,딸기, 키위, 해조류, 견과류||햄류, 어패류,해조류, 견과류|질긴 육류
소화계통|담낭암|쌀밥, 잡곡류밥, 살코기(쇠고기, 돼지고기), 껍질 벗긴 닭고기, 생선, 두부, 콩, 각종 야채, 저지방 우유 등|도넛, 볶음밥, 라면, 케이크, 페스츄리, 갈비, 삼겹살, 등심, 안심, 장어, 튀김류|지나친 지방 제한은 불필요하며, 필수지방산 섭취를 위하여 소량의 식물성 기름을 사용합니다.|튀김류|
내분비/대사질환|당뇨병|채소류, 열량이 적은 식품(곤약, 해조류, 버섯류, 우뭇가사리, 등)|쵸코렛, 사탕,탄산음료,케잌,튀김류, 전.적 및 부침류,샐러드 드레싱, 견과류,술,알코올,당류|"1. 식사 외 간식을 섭취하는 경우는 하루 섭취량 안에서 식사량을 조절합니다. 2. 경구혈당강하제나 인슐린을 맞는 환자의 경우 저혈당에 대비해 사탕 등의 단순당을 지참합니다. 3. 지나치게 짠 음식은 피하고, 싱겁게 조리합니다. 4. 단맛을 원하는 경우 설탕대신 인공감미료를 사용할 수 있습니다. 5. 외식 시 하루 섭취량 및 한끼 식사량을 고려해 개인 접시에 덜어 섭취합니다."|튀김류, 전.적 및 부침류,당류|지방함량이 많은 음식
내분비/대사질환|당뇨병성족부병|"1.상처 회복을 위한 고단백 식품 2.넉넉한 채소 섭취 3.열량이 적은 자유 식품(곤약, 해조류, 버섯류, 우뭇가사리, 등..)"|"쵸코렛, 사탕, 탄산음료, 케잌, 탄산음료,당류"|"1. 당뇨병성 신증 및 단백질 제한이 필요한 환자에게 당뇨병성 족부 질환이 발생되면 상처 회복이 우선이므로 회복기까지는 단백질 제한을 풀고 적당량의 단백질 식품을 섭취하다가 회복 후 예전의 식사(단백질 제한식사)로 변경합니다. 2. 상처 회복을 위해 잘 드시라고하는 말이 간식 등을 많이 섭취하라는 얘기가 아니므로 하루 섭취량 안에서 균형잡힌 식사를 하도록 합니다."|당류|
내분비/대사질환|당원병/당원축적병|밥, 잡곡류, 소맥분, 타피오카, 마카로니, 귀리빵, 보리빵, 콩, 수수|생과일, 과일주스, 우유, 아이스크림, 사탕, 설탕, 시럽, 꿀, 추잉껌, 코코아, 커피, 쿠키,케익, 커스터드,푸딩, 도넛,시리얼, 젤리, 밀크쉐이크, 파이, 탄산음료, 차류|옥수수 전분은 요리하거나 뜨거운 물 혹은 레몬에이드에 혼합하는 경우 전분입자가 파괴되어 아밀라아제에 의한 가수분해가 빨라져서 혈당을 유지하는 효과가 없어지므로 물, 두유, 플레인 요구르트 등 실온의 액체에 타서 먹도록 합니다.|탄산음료, 차류|
신장/비뇨기질환|대사성산증(고유기산혈증)|고기, 생선, 두부 등의 양질의 단백질 식품, 신선한 채소류, 과일류|술,알코올, 인스턴트 식품, 가공식품, 젓갈류,염장식품|고른 영양섭취가 필요하므로 균형잡힌 식사를 하도록 합니다. |인스턴트 식품, 가공식품, 젓갈류,염장식품|
소화계통|대사증후군|신선한 채소를 비롯한 잡곡류, 어육류, 생선, 두부, 견과류 그리고 제철 과일과 우유 등 균형잡힌 식사|고지방 음식, 염장식품,김치류, 젓갈류, 장아찌 및 절임류, 건어물, 자반, 생선류,가공식품, 햄류, 통조림, 라면 ,당류|"건강하지 않은 식습관은 대사증후군의 주요 위험 요인입니다. 복부 비만은 가장 대표적인 위험 요인이므로 적정 체중 유지하며 운동을 병행해야 합니다. 야식은 절대 금해야하며 과량의 알코올 섭취는 지방으로 전환될 수 있으므로 금주하는 것이 좋습니다."|염장식품,김치류, 젓갈류, 장아찌 및 절임류,생선,가공식품, 햄류,당류|고지방 음식,건어물
소화계통|대장양성종양|신선한 채소와 과일, 유제품 |기름진 붉은육류, 알코올, 가공식품|칼로리가 높은 식품 섭취를 줄이고, 조리 시에도 기름 사용이 적은 찜, 조림 등의 방법을 활용합니다.|가공식품|기름진 붉은육류
소화계통|덤핑증후군|소화되기 쉬운 부드러운 식품, 기름기가 적은 살코기, 생선 등의 양질의 단백질 식품, 달지 않은 식품|사탕, 설탕, 꿀, 젤리,당류, 통조림, 아이스크림,탄산음료, 기름진 고기, 기름진 국물류, 계핏가루, 레몬필, 카레가루, 커민, 후춧가루, 오레가노|수술 후 일부 환자에게서는 유당불내성이 나타나므로 초기에는 우유 및 유제품을 제한하다가 점차로 조금씩 양을 증가시키도록 합니다.|당류|기름진 고기, 기름진 국물류
소화계통|만성 췌장염|기름기 적은 살코기(돼지고기, 소고기), 닭고기(껍질 제거), 생선, 두부, 각종 야채 등|도넛, 볶음밥, 라면, 케잌, 페스츄리, 갈비, 삼겹살, 등심, 안심, 통조림, 장어, 튀김류, 전 및 부침류|"음주, 흡연은 췌장효소의 분비를 촉진시켜 췌장을 자극하므로 삼가도록 합니다. 필요시 MCT 기름을 사용합니다."|튀김류, 전.적 및 부침류|
소화계통|만성담낭염|식빵, 쇠고기, 돼지고기 살코기, 껍질벗긴 닭고기, 가자미, 새우, 두부, 저지방 우유, 신선한 과일 등|도너츠, 패스츄리, 갈비, 삼겹살, 소꼬리, 햄, 장어, 치즈, 아이스크림, 후렌치 드레싱|지나친 지방 제한은 불필요하며, 필수지방산 섭취를 위하여 소량의 식물성 기름을 사용합니다.||
신장/비뇨기질환|만성신부전|"1. 단백질 제한으로 인한 열량 부족을 보충하기 위해 음식 요리 시 올리브, 참기름, 설탕을 충분히 사용할 것을 권장합니다. 2. 싱겁게 드셔야 하므로, 소금/간장/된장 등 사용량을 줄이고 고추가루, 후추가루, 겨자가루, 식초 등의 향신료를 사용해보십시오. 3. 외식 시는 염분 조절이 어렵지만 스스로 소스나 양념양을 조절할 수 있는 비빔밥, 덮밥 등을 권장하고 가급적 국물, 소스, 김치류 섭취를 줄입니다."|염장식품, 장아찌 및 절임류, 젓갈류, 김치류, 라면, 건어물, 찌개국물, 우유 및 유제품, 요구르트, 치즈, 잡곡류, 견과류, 현미, 흑미, 팥, 시금치, 늙은 호박, 미나리, 바나나, 토마토 |"1. 단백질 섭취를 줄이는게 도움이 되지만 너무 줄이면 체조직이 분해되어 좋지 않으므로 처방에 따라 적절한 단백질(식품)을 섭취합니다. 2. 식사양이 줄어 열량 섭취가 줄면 체조직이 분해되어 체중이 감소하고 노페물이 쌓이게 되므로 밥 1공기정도의 충분한 식사량을 유지합니다."|염장식품, 장아찌 및 절임류, 젓갈류, 김치류,견과류|건어물
호흡기질환|만성폐쇄성폐질환|기름기를 제거한 살코기, 생선, 껍질 벗긴 과일|탄산음료, 파, 마늘, 양파, 브로커리, 양배추, 기름진 식품, 튀김류|"1. 식사 전 30분간은 휴식합니다. 2. 식사 중 피로감이 유발되면 잘게 자르거나 갈아서 섭취하도록 합니다."|튀김류,탄산음료|기름진 식품
신장/비뇨기질환|말기신질환|"1. 단백질 제한으로 인한 열량 부족을 보충하기 위해 음식 요리 시 올리브유, 들기름, 카놀라유 등의 기름과 설탕, 올리고당 등 당류를 충분히 사용할 것을 권장합니다. 2. 싱겁게 드셔야 하므로, 소금, 간장, 된장 등 사용량을 줄이고 고추가루, 후추가루, 겨자가루, 식초 등의 향신료를 사용합니다. 3. 외식 시는 염분 조절이 어렵지만 스스로 소스나 양념양을 조절할 수 있는 비빔밥, 덮밥 등을 권장하고 가급적 국물, 소스, 김치류 섭취를 줄입니다."|염장식품, 장아찌 및 절임류, 젓갈류 ,김치류, 라면, 건어물, 찌개 및 전골류 , 우유 및 유제품, 요구르트, 치즈, 잡곡류, 견과류, 현미, 흑미, 팥, 시금치, 늙은 호박, 미나리, 시래기, 바나나, 토마토, 키위, 참외|"1. 단백질 섭취를 줄이는게 도움이 되지만 너무 줄이면 체조직이 분해되어 좋지 않으므로 전문가의 처방에 따라 적절한 단백질(식품)을 섭취합니다. 2. 식사양이 줄어 열량 섭취가 줄면 체조직이 분해되어 체중이 감소하고 노폐물이 쌓이게 되므로 밥 1공기 정도의 충분한 식사량을 유지합니다."|염장식품, 장아찌 및 절임류, 젓갈류 ,김치류, 라면, 건어물, 찌개 및 전골류 , 우유 및 유제품,견과류|건어물
소화계통|변비|보리, 현미 등의 잡곡류, 고구마, 통밀빵, 모든 채소, 말린 나물류, 생과일, 미역, 김, 다시마, 건자두(푸룬), 발효유 등|감, 쑥|"1. 섬유소 섭취가 갑자기 증가하면 위장장애를 일으킬 수 있기 때문에 소량씩 점진적으로 증가시키도록 합니다. 2. 하루 25~50g정도의 섬유소 섭취량이 적절합니다."||
소화계통|복막염|부드럽게 조리한 육류 및 생선류, 섬유질이 적은 채소, 연한 과일 및 주스|채소류, 우유 및 유제품, 커피, 술,알코올,탄산음료,계핏가루, 레몬필, 카레가루, 커민, 후춧가루, 오레가노|"1. 환자의 적응도에 따라 식사를 진행시킵니다. 2. 영양 공급이 충분하지 못하면 영양음료를 사용합니다."||
소화계통|복수(간질환 합병증)|염분이 첨가되지 않은 자연식품|김치류, 젓갈류, 장아찌 및 절임류, 국 및 탕류, 자반생선류, 마른 반찬, 햄, 소시지|녹즙 등 고농축 음식이나 민간요법은 간기능을 약화시킬 수 있으므로 주의합니다.|김치류, 젓갈류, 장아찌 및 절임류, 국 및 탕류|마른 반찬
신장/비뇨기질환|사구체신염|"1. 고기, 생선, 두부, 계란 등 단백질이 많은 식품은 한 끼니당 1토막(40~60g)정도만 섭취합니다. 2. 단백질 제한으로 인한 열량 부족을 보충하기 위해 음식 요리시 올리브유, 들기름, 카놀라유 등의 기름과 설탕, 올리고당 등 당류를 충분히 사용할 것을 권장합니다. 3. 싱겁게 드셔야 하므로, 소금, 간장, 된장 등 사용량을 줄이고 고추가루, 후추가루, 겨자가루, 식초 등의 향신료를 사용해보십시오. 4. 외식시는 염분 조절이 어렵지만 스스로 소스나 양념양을 조절할 수 있는 비빔밥, 덮밥등을 권장하고 가급적 국물, 소스, 김치류 섭취를 줄입니다."|염장식품, 장아찌 및 절임류, 젓갈류, 김치류, 라면, 건어물, 찌개및전골류, 콩가루|"1. 단백질 섭취를 줄이는게 도움이 되지만 너무 줄이면 체조직이 분해되어 좋지 않으므로 전문가의 처방에 따라 적절한 단백질(식품)을 섭취합니다. 2. 식사양이 줄어 열량 섭취가 줄면 체조직이 분해되어 체중이 감소하므로 밥 1공기정도의 충분한 식사량을 유지합니다. 3. 신선한 채소와 과일을 섭취합니다."|찌개및전골류,염장식품,장아찌 및 절임류, 젓갈류, 김치류|
소화계통|셀리악병|쌀, 감자, 콩가루, 옥수수, 고기, 달걀, 모든 채소, 모든 과일, 식물성기름, 버터, 저지방유 등|밀, 귀리, 호밀, 보리,밀가루, 조, 단백질 및 글루텐 함유식품|유당불내성이 있는 경우에는 우유 및 유제품을 피하며, 과당흡수장애일 경우 과당함량이 높은 음식을 제한하고, 설탕불내성일 경우 설탕을 제한하나 정상화 되면 제한하지 않습니다. ||단백질 및 글루텐 함유식품
소화계통|소화불량|기름기가 적은 흰살 생선,섬유질이 연한 채소(시금치, 무우, 근대, 당근, 애호박 등)|카페인, 알코올, 탄산음료, 조미료,건조식품, 육포, 말린 과일, 말린 채소, 튀김류|"직화구이, 튀기기, 볶기 등의 조리법은 되도록 피합니다. 주로 찌기, 데치기, 끓이기, 삶기 등의 조리법을 이용해 부드럽게 조리합니다."|튀김류,조미료,탄산음료|건조식품,말린과일,말린채소
소화계통|식도암|잡곡류, 견과류, 콩류, 생선류, 요쿠르트, 파프리카, 당근, 가지, 버섯, 토마토와 같이 다양한 색을 지닌 채소 및 과일류|술,알코올, 가공식품, 젓갈, 장아찌 및 절임류, 염장식품|금연을 합니다. 식사 시 또는 직후 바로 눕지 않습니다.||술, 가공식품, 젓갈, 장아찌 및 절임류, 염장식품, 짜고 뜨거운음식
소화계통|식도염|저지방 고단백식품(두부,살코기, 흰살 생선 등),탄수화물 식품(밥, 빵, 크래커, 국수, 감자 등)|탄산음료, 커피, 강한 향신료, 토마토, 오렌지주스, 알코올, 쵸콜릿, 기름진 음식, 가스형성 식품|단백질이 풍부하고 지방은 적게 섭취합니다.|탄산음료|기름진 음식, 가스형성 식품,강한향신료
소화계통|식도정맥류,토혈|밥, 감자, 고구마, 떡 등의 부드러운 곡류 식품, 양질의 단백질 식품( 살코기, 생선, 두부, 계란 , 콩 등),채소, 과일|마른 음식, 멸치, 마른오징어, 강정, 매운 양념, 카페인,탄산 음료,술 ,알코올|?충분한 단백질 공급을 위해 고기, 생선, 두부, 계란 등 골고루 섭취, 부족한 비타민 및 무기질 보충을 위해 부드러운 채소와 과일을 충분하게 먹습니다.|탄산음료|거친 마른 음식, 멸치, 마른오징어, 강정, 매운 양념, 카페인
소화계통|식중독,장염(초기)|쌀미음, 국물(고기, 생선), 삶은 채소(당근, 호박, 오이, 시금치, 양송이, 가지 등), 보리차, 익힌 생선, 고기, 과일즙, 쌀밥, 살코기, 계란 두부, 닭고기, 생선, 유제품, 잘 익힌 시금치, 애호박, 당근, 숙주, 양송이 가지, 양상치, 바나나, 과일통조림|채소류, 견과류, 땅콩, 호두, 잣, 과일, 우유 및 유제품, 두유, 요구르트, 요거트, 저지방 우유, 기름진 육류, 튀김류, 술,알코올, 된장, 고추장, 고춧가루, 겨자, 커피, 과자||견과류, 육류,튀김류,우유 및 유제품|
신장/비뇨기질환|신증후군|비빔밥, 덮밥|염장식품, 장아찌 및 절임류, 젓갈류, 김치류, 라면, 건어물, 찌개국물, 콩가루|단백질많은 식품(40~60g),요리시 올리브유 등 기름, 당류 충분히 사용|염장식품, 장아찌 및 절임류, 젓갈류, 김치류|건어물
혈액/순환계통|심근경색|신선한 채소를 비롯한 잡곡류, 저지방 어육류, 생선, 두부 그리고 제철 과일과 우유 등 균형잡힌 식사|어류,육류, 장어, 내장류, 새우, 오징어, 계란노른자,기름진 음식, 국 및 탕류,튀김류, 전 및 부침류,염장 식품, 김치류, 젓갈류, 장아찌 및 절임류, 건어물,자반 생선류,가공식품, 찌개및전골류|카페인함유 음료 제한|어류,육류, 내장류,국 및 탕류,튀김류, 전 및 부침류,염장 식품, 김치류, 젓갈류, 장아찌 및 절임류, 자반 생선류,가공식품, 찌개및전골류|건어물,기름진음식
소화계통|십이지장궤양|오메가-3 지방산이 풍부한 등푸른 생선|알코올, 술,?카페인, 커피, 콜라, 코코아, 조미료|잦은 우유섭취 주의|조미료|
소화계통|알콜성간질환,지방간,간염,간경변|밥, 감자, 고구마, 떡 등의 곡류 식품, 양질의 단백질 식품( 살코기, 생선, 두부, 계란 , 콩 등),채소, 과일|알코올, 술, 녹즙|복수 및 부종이 동반된 경우 저염식,간성혼수가 있을 시에는 단백질 섭취를 줄입니다.||
내분비/대사질환|에이즈(후천성면역결핍증식)|양질의 살코기, 생선, 두부, 계란 등의 단백질 식품, 신선한 채소류, 과일류, 달지 않은 식품|당류, 육류, 국 및 탕류, 가공식품||당류, 육류, 국 및 탕류, 가공식품|
신장/비뇨기질환|요로결석|고섬유소 식품|생맥주, 차, 코코아, 견과류, 딸기류, 귤|비타민 C 보충제 하루1g으로 제한||
소화계통|위궤양|부드럽게 조리된 단백질 식품(살코기, 흰살생선, 계란찜 등)|육류, 조미료, 고춧가루, 후추, 커피, 알코올, 술, 신음식, 탄산음료||육류, 조미료, 탄산음료|신음식
소화계통|위식도역류질환|기름이 적은 육고기, 생선, 두부, 계란 등 양질의 단백질 식품, 각종 채소류(브로콜리, 양파, 마늘, 완두콩, 더덕, 도라지, 당근, 오이 등)|커피, 초콜릿, 박하사탕, 차류, 튀김류, 육류, 맵고 짠 음식, 질긴 음식, 탄산음료, 콜라, 사이다, 오렌지주스, 가공식품||차류, 튀김류, 육류,탄산음료,가공식품|맵고 짠 음식, 질긴 음식
소화계통|위암(수술전)|양질의 단백질 식품(고기,생선,두부,계란,해물),우유 및 유제품|특정 식품의 제한, 저열량식, 저단백식|||특정 식품의 제한, 저열량식, 저단백식
소화계통|위암(수술후)|부드러운 음식(영양죽,카스텔라,감자,잔치국수,부드럽게조리한 어육류,해물,두부,계란,치즈,생과일주스,우유 및 유제품, 영양보충음료)|잡곡류, 멸치, 견과류, 채소류, 해조류, 말린과일, 말린채소, 떫은 과일||견과류, 채소류, 해조류|말린과일, 말린채소, 떫은 과일
소화계통|위염(만성 위염, 급성 위장염)|살코기, 흰살생선, 계란찜 |육류, 조미료, 커피, 술,알코올, 신음식, 탄산음료||육류, 조미료,탄산음료|신음식
내분비/대사질환|윌슨병|쌀밥,국수,쇠고기,닭고기,계란흰자,흰살생선,우유,채소류,과일,식물성 기름,설탕 등|잡곡류,내장류,대두,오징어,새우,양송이버섯,말린과일,견과류,코코아|구리함량이 낮은 식품위주로 섭취 1일 25mg의 비타민 B6보충|잡곡류,내장류,견과류|말린과일
혈액/순환계통|유방암|도정되지않은 곡류,등푸른 생선,저지방고칼슘 우유,제철채소,제철과일|고열량식,고지방식,술,알코올|||고열량식,고지방식
부인과질환|임신성 당뇨,당불내증|비타민C풍부한 채소,유제품,열량적은식품(곤약,해조류,버섯류,우뭇가사리 등),철분풍부한식품(간,난황,육류,견과류,완두콩,당근,시금치,깻잎 등),엽산풍부한식품(호박,시금치,고구마,땅콩,버섯,브로콜리 등)|당류,초콜릿,사탕,탄산음료,케잌,포화지방산많은음식,육류,버터,마가린,소시지,햄,베이컨||당류,탄산음료|포화지방산많은음식
혈액/순환계통|임신성고혈압|유제품,콩류,들깨,참꺠,멸치,뱅어포,간,굴,대구,콩,계란,녹색잎 채소,잡곡류,신선한 채소,제철과일|가공식품,염장식품,젓갈류,장아찌 및 절임류,김치류,포화지방많은음식,삼겹살,닭고기껍질,햄,소시지,카페인,커피,홍차,녹차,코코아|포화지방많은식품제한(육류기름,닭껍질,버터),고콜레스테롤식품섭취는 주2회미만(계란노른자,오징어,새우,생선내장류),염분섭취는 일일 5-10g|가공식품,염장식품,젓갈류,장아찌 및 절임류,김치류|포화지방많은음식
부인과질환|자궁경부암|항암식품(브로콜리,호박 등), 엽산이 풍부한 식품(시금치, 아스파라거스 등..), 해조류, 신선한 과일및 채소|회류, 육류|고지방식이 피하기, 단백질반찬갖추어먹기,날음식섭취 주의|회류,육류|
부인과질환|자궁내 성장지연|쇠간, 쇠고기, 굴, 부추, 시금치, 쑥갓, 근대와 같은 초록색 엽채|술,알코올,커피, 콜라, 초콜릿,장아찌 및 절임류, 젓갈류, 가공식품|카페인함유,짠음식 주의|장아찌 및 절임류, 젓갈류, 가공식품|
신장/비뇨기질환|저나트륨혈증|단백질식품(고기,생선,두부),신선한 채소류, 과일류|가공식품||가공식품|
신장/비뇨기질환|저마그네슘혈증|코코아,아몬드,땅콩,호두,잣,대두,보리,현미,통밀,우유,계란,시금치,무청,근대,컬리플라워,브로컬리,부추,당근|도정된 곡류,백미,육류,튀김류,가공식품,알코올|아연을 지나치게 많이 섭취하지않도록 주의|도정된 곡류,백미,육류,튀김류,가공식품|
내분비/대사질환|저혈당증|설탕, 사탕, 주스, 음료수, 요쿠르트 등|채소류, 튀김류, 혈당을 천천히 올리는 식품||채소류, 튀김류|혈당을 천천히 올리는 식품
혈액/순환계통|저혈압|비타민과 무기질, 섬유소가 풍부한 음식(잡곡류, 신선한 채소, 제철 과일)|포화지방이 많은 식품,삼겹살, 닭고기 껍질, 햄, 소시지|||포화지방이 많은 식품
신장/비뇨기질환|전립선암|전곡류, 신선한 채소, 과일류, 라이코펜 함유 식품(토마토 요리)|고열량식, 고지방식, 술,알코올|||고열량식, 고지방식
소화계통|전이성간암|현미, 보리, 서리태와 같은 잡곡류 및 두류 , 파프리카, 당근, 단호박, 양배추, 케일, 가지 등의 다양한 색의 채소, 과일류|술, 알코올, 회류,육회, 젓갈류,염장식품||회류,젓갈류,염장식품|
호흡기질환|전이성폐암, 폐암 말기|양질의 단백질 식품(살코기, 생선, 해물, 콩, 두부, 계란), 신선한 채소, 과일, 식물성 지방(견과류), 우유 및 유제품|회류||회류|
소화계통|지방간|채소, 균형적인 식사|육류, 당류,음료, 설탕, 꿀,술, 알코올||육류, 당류|
호흡기질환|천식|살코기, 생선, 두부, 신선한 채소 및 과일|개인적인 증상이 유발되는 식품 |||개인적인 증상이 유발되는 식품
소화계통|췌장암|감자, 스프, 카스텔라, 살코기(돼지고기, 쇠고기, 닭고기), 두부, 생선, 두부, 저지방우유, 치즈 등|감자튀김, 팝콘, 육류,삼겹살, 갈비, 베이컨, 말린 나물, 말린 과일, 술, 알코올||육류|말린 나물, 말린 과일
소화계통|콜레라|초기 - 쌀미음, 국물(고기, 생선),삶은채소(당근, 호박, 오이, 시금치, 양송이, 가지 등), 보리차, 익힌 생선, 고기, 과일즙/ 회복기 - 쌀밥, 살코기, 계란, 두부, 닭고기, 생선, 유제품, 잘 익힌 시금치, 애호박, 당근, 숙주, 양송이, 가지, 양상치, 바나나, 과일통조림|채소류, 견과류,땅콩, 호두, 잣,과일, 우유 맟 유제품, 두유, 요구르트, 요거트, 저지방우유, 육류, 튀김류,알코올, 된장, 고추장, 고춧가루, 겨자||채소류, 견과류,우유 맟 유제품,육류, 튀김류|기름진 육류
소화계통|크론병(궤양성대장염)|흰밥, 연한 쇠고기, 돼지고기 살코기, 계란, 두부, 생선, 애호박, 가지, 양송이 버섯 등 부드러운 야채, 과일(씨, 껍질 제거), 영양 보충 음료 등|잡곡류, 팝콘, 육류, 어패류, 비지, 도라지, 고사리, 미나리, 말린 과일, 견과류, 카페인 음료, 탄산음료||견과류,잡곡류,육류|질긴 야채, 말린 과일
내분비/대사질환|통풍(저퓨린)|식품100g 당 퓨린 질소 함량|지나친 음식 섭취 감소, 염장식품,젓갈류,김치류,튀김류, 전및부침류, 고지방 식사||염장식품,젓갈류,김치류,튀김류, 전및부침류|지나친 음식 섭취 감소, 고지방 식사
내분비/대사질환|패혈증|양질의 살코기, 생선, 두부, 계란 등의 단백질식품, 신선한 채소류, 과일류, 달지 않은 식품|당류, 육류, 국및탕류, 가공식품, 익히지 않은 동물성식품,생선회, 육회, 생굴||당류, 육류, 국및탕류, 가공식품|익히지 않은 동물성식품
내분비/대사질환|페닐케톤뇨증, PKU|페닐알라닌 함량이 낮은 과일류, 채소류, 저단백밥|잔멸치, 마른문어, 마른 오징어, 대구포, 노가리, 볶은 땅콩, 북어, 검정콩, 대두, 치즈, 닭가슴살, 견과류||견과류|
신장/비뇨기질환|폐경기 및 여성의 갱년기|고칼슘식품 : 우유, 치즈, 두부, 뼈째먹는 생선, 미역 등 , 비타민 E 가 풍부한 식품 : 식물성 기름, 견과류, 과일 등 |육류, 버터, 크림, 커피프림||육류|
호흡기질환|폐렴|부드러운 살코기, 생선, 요구르트, 다양한 색상의 과일이나 채소|튀김류, 육류|||
내분비/대사질환|프로피온산혈증, 프로피온산증,유기산 혈증|쌀, 고구마, 감자 등 탄수화물 식품과 식물성 기름, 버터류, 모든 채소와 과일류|쇠고기, 돼지고기, 닭고기, 어류,생선 가공품, 우유및유제품|||
소화계통|항문암|수술직후 : 쌀밥, 흰국수, 생선, 계란, 두부, 육류(결체조직 및 껍질 제외), 유제품|잡곡류, 질긴 채소, 건조 과일, 껍질, 씨앗, 견과류, 자극성 식품||견과류|질긴 채소, 건조 과일,자극성식품
혈액/순환계통|허혈성 심질환(심장병)|신선한 채소를 비롯한 잡곡류, 저지방 어육류, 생선, 두부 그리고 제철 과일과 우유 등 균형잡힌 식사|어류,육류 ,갈비, 삼겹살, 장어, 가공식품 ,내장류, 새우, 오징어, 계란노른자, 기름진 음식 ,튀김류, 전 및 부침류, 염장 식품 ,김치류, 젓갈류, 장아찌 및 절임류, 건어물,자반 생선류, 국 및 탕류, 찌개 및 전골류||어류,육류 가공식품 ,내장류, 튀김류, 전 및 부침류, 염장 식품 ,김치류, 젓갈류, 장아찌 및 절임류, 건어물,자반 생선류, 국 및 탕류, 찌개 및 전골류|기름진 음식
혈액/순환계통|협심증|신선한 채소를 비롯한 잡곡류, 저지방 어육류, 생선, 두부 그리고 제철 과일과 우유 등 균형잡힌 식사|어류,육류 ,갈비, 삼겹살, 장어, 가공식품 ,내장류, 새우, 오징어, 계란노른자, 기름진 음식 ,튀김류, 전 및 부침류, 염장 식품 ,김치류, 젓갈류, 장아찌 및 절임류, 건어물,자반 생선류, 국 및 탕류, 찌개 및 전골류||어류,육류 가공식품 ,내장류, 튀김류, 전 및 부침류, 염장 식품 ,김치류, 젓갈류, 장아찌 및 절임류, 건어물,자반 생선류, 국 및 탕류, 찌개 및 전골류|기름진 음식
내분비/대사질환|호모시스틴뇨증|곡류, 채소류, 과일류, 식물성 기름 |콩, 두부류, 고기, 어류||두부류, 생선류|단백질을 많이 함유한 식품
호흡기질환|후두암|현미, 보리, 서리태와 같은 잡곡류 및 두류, 파프리카, 당근, 단호박, 양배추, 케일, 가지등의 다양한 색의 채소, 과일류|술, 알코올, 가공식품||가공식품|